Parameter,Median,CI,CI_low,CI_high,pd,Rhat,ESS
b_Intercept,2.23024670184837,0.95,1.91082972053833,2.55609337747129,1,1.00230164765996,1602.50001675754
b_event_num,0.0595724245763356,0.95,-0.0430283669505417,0.169134417883656,0.86525,1.00055766371807,1744.37306387473
b_pd1,-0.512124613569453,0.95,-0.918483786102901,-0.0953881624929604,0.99275,1.00182972787044,1470.63637069869
b_osa1,-0.463721550939352,0.95,-0.925406576508815,-0.0398911784358623,0.9835,1.00087211978988,1386.49231605832
b_event_num:pd1,0.0150174432695584,0.95,-0.111657424764052,0.147310554144454,0.5865,1.00082344196796,1584.10826155977
b_event_num:osa1,-0.00366030099142359,0.95,-0.15183717737706,0.150090709029751,0.5145,1.00019894330612,1624.42925737499
b_pd1:osa1,0.49732987279494,0.95,-0.085643449451957,1.08922718799036,0.95275,1.00100649385299,1334.23278668028
b_event_num:pd1:osa1,-0.0241436361356284,0.95,-0.223641116374677,0.160134321603778,0.607,1.00091044598846,1605.33045368468
